
# Redirect old blog urls to new notes
/blog/* /notes/:splat 301

# Specific post redirects
/posts/2022/12/2022-the-year-of-plentiful /notes/2022-the-year-of-plentiful 301
/posts/2022/08/i-got-engaged /notes/i-got-engaged 301
/posts/2022/01/isro-interview-experience-and-takeaways /notes/isro-interview-experience-and-takeaways 301
/posts/2022/01/why-i-decided-to-not-join-isro /notes/why-i-decided-to-not-join-isro 301
/posts/2022/01/things-i-learned-in-cisco /notes/things-i-learned-in-cisco 301
/posts/2022/01/2021-a-bullish-year /notes/2021-a-bullish-year 301
/posts/2021/06/25-it-is /notes/25-it-is 301
/posts/2021/06/thoughts-on-the-family-man-2 /notes/thoughts-on-the-family-man-2 301
/posts/2021/01/looking-back-at-2020 /notes/looking-back-at-2020 301
/posts/2020/09/two-years-at-cisco /notes/two-years-at-cisco 301
/posts/2020/05/cassandra-a-decentralized-structured-storage-system /notes/cassandra-a-decentralized-structured-storage-system 301
/posts/2020/04/epidemic/gossip-protocols /notes/epidemic-gossip-protocol 301
/posts/2020/03/2019-year-in-review /notes/2019-year-in-review 301
/posts/2019/07/automatic-https-certs-using-godaddy-and-gitlab-apis /notes/automatic-https-certs-using-godaddy-and-gitlab-apis 301
/posts/2019/07/setting-up-modsecurity-on-ubuntu /notes/setting-up-modsecurity-on-ubuntu 301
/posts/2019/06/travelogue-chikmagalur /notes/travelogue-chikmagalur 301
/posts/2019/02/go-grpc-opa-a-perfect-union-part-3 /notes/go-grpc-opa-a-perfect-union-part-3 301
/posts/2019/02/go-grpc-opa-a-perfect-union-part-2 /notes/go-grpc-opa-a-perfect-union-part-2 301
/posts/2019/02/go-grpc-opa-a-perfect-union-part-1 /notes/go-grpc-opa-a-perfect-union-part-1 301
/posts/2018/12/2018-year-in-review /notes/2018-year-in-review 301
/posts/2018/08/beginning-a-new-journey /notes/beginning-a-new-journey 301
/posts/2018/06/the-good-and-bad-about-csed-of-nit-c /notes/the-good-and-bad-about-csed-of-nit-c 301
/posts/2018/06/battery-notifications-in-i3 /notes/battery-notifications-in-i3 301
/posts/2018/06/mistakes-that-i-made-in-nitc /notes/mistakes-that-i-made-in-nitc 301
/posts/2018/05/proxy-your-requests-to-the-backend-server-with-grunt /notes/proxy-your-requests-to-the-backend-server-with-grunt 301
/posts/2018/05/writing-drozer-modules /notes/writing-drozer-modules 301
/posts/2018/03/so-i-applied-for-gsoc /notes/so-i-applied-for-gsoc 301
/posts/2018/03/fossmeet18 /notes/fossmeet-18 301
/posts/2018/03/deactivated-my-facebook-account /notes/deactivated-my-facebook-account 301
/posts/2018/03/develop-a-theme-for-hugo /notes/develop-a-theme-for-hugo 301
/posts/2018/02/my-new-domain /notes/my-new-domain 301
/posts/2018/02/syncing-time-on-windows-gnu/linux-dual-boot-setups /notes/syncing-time-on-windows-gnu-linux-dual-boot-setups 301
/posts/2018/01/why-a-sanskrit-shloka /notes/why-a-sanskrit-shloka 301
/posts/2018/01/arch-linux-installation-guide-part-2 /notes/arch-linux-installation-guide-part-2 301
/posts/2018/01/arch-linux-installation-guide-part-1 /notes/arch-linux-installation-guide-part-1 301
/posts/2018/01/my-own-configuration-manager /notes/my-own-configuration-manager 301
/posts/2017/12/2017-the-best-till-now /notes/2017-the-best-till-now 301
/posts/2017/12/setting-up-ssh-agent-in-i3 /notes/setting-up-ssh-agent-in-i3 301
/posts/2017/12/setting-up-alm-octane-with-docker-compose /notes/setting-up-alm-octane-with-docker-compose 301
/posts/2017/10/fixing-hindi-fonts-in-arch-linux /notes/fixing-hindi-fonts-in-arch-linux 301
/posts/2017/03/mounting-ntfs-partitions-on-arch-linux /notes/mounting-ntfs-partitions-on-arch-linux 301
/posts/2017/03/fossmeet17 /notes/fossmeet-17 301
/posts/2017/02/setting-up-hugo-automatic-deployment-to-github-with-wercker /notes/setting-up-hugo-automatic-deployment-to-github-with-wercker 301
/posts/2016/10/setting-up-python-development-environments /notes/setting-up-python-development-environments 301
/posts/2016/06/custom-arch-linux-setup-with-openbox /notes/custom-arch-linux-setup-with-openbox 301
/posts/2016/04/a-good-sublime-text-setup /notes/a-good-sublime-text-setup 301
/posts/2016/04/searching-the-goal /notes/searching-the-goal 301
/posts/2016/04/wanna-get-insulted-by-sudo /notes/wanna-get-insulted-by-sudo 301
